code,date,close
AAPL,2026-04-28,270.2278
AAPL,2026-04-29,269.6888
AAPL,2026-04-30,270.8667
AAPL,2026-05-01,279.641
AAPL,2026-05-04,276.3369
AAPL,2026-05-05,283.6738
AAPL,2026-05-06,286.9979
AAPL,2026-05-07,286.928
AAPL,2026-05-08,292.7975
AAPL,2026-05-11,292.4277
AAPL,2026-05-12,294.5459
AAPL,2026-05-13,298.6124
AAPL,2026-05-14,297.9529
AAPL,2026-05-15,299.9712
AAPL,2026-05-18,297.5833
AAPL,2026-05-19,298.7123
AAPL,2026-05-20,301.9895
AAPL,2026-05-21,304.7271
AAPL,2026-05-22,308.5538
AAPL,2026-05-26,308.0642
AAPL,2026-05-27,310.582
AAPL,2026-05-28,312.2406
AAPL,2026-05-29,311.791
AAPL,2026-06-01,306.046
AAPL,2026-06-02,314.9283
AAPL,2026-06-03,309.9926
AAPL,2026-06-04,310.9617
AAPL,2026-06-05,307.0751
AAPL,2026-06-08,301.2801
AAPL,2026-06-09,290.2995
AAPL,2026-06-10,291.3287
AAPL,2026-06-11,295.3752
AAPL,2026-06-12,290.879
AAPL,2026-06-15,296.1645
AAPL,2026-06-16,298.9821
AAPL,2026-06-17,295.6949
AAPL,2026-06-18,297.7531
AAPL,2026-06-22,296.754
AAPL,2026-06-23,294.0463
AAPL,2026-06-24,292.8274
AAPL,2026-06-25,274.9128
AAPL,2026-06-26,283.5354
AAPL,2026-06-29,281.4971
AAPL,2026-06-30,289.1106
AAPL,2026-07-01,294.1262
AAPL,2026-07-02,308.364
AAPL,2026-07-06,312.3905
AAPL,2026-07-07,310.3922
AAPL,2026-07-08,313.1199
AAPL,2026-07-09,315.9474
AAPL,2026-07-10,315.0482
AAPL,2026-07-13,317.0365
AAPL,2026-07-14,314.5886
AAPL,2026-07-15,327.2177
AAPL,2026-07-16,332.9727
AAPL,2026-07-17,333.4523
AAPL,2026-07-20,326.3085
AAPL,2026-07-21,327.4575
AAPL,2026-07-22,325.6091
AAPL,2026-07-23,321.3827
AAPL,2026-07-24,332.7329
AAPL,2026-07-27,336.6196
AAPL,2026-07-28,339.7869
AAPL,2026-07-29,337.8985
AAPL,2026-07-30,333.1426
AAPL,2026-07-31,308.6437
AAPL,2026-08-03,303.1585
AAPL,2026-08-04,309.1133
AAPL,2026-08-05,310.7319
AAPL,2026-08-06,312.1407
AAPL,2026-08-07,313.0599
AAPL,2026-08-10,308.26
AAPL,2026-08-11,304.91
AAPL,2026-08-12,302.25
AAPL,2026-08-13,305.26
AAPL,2026-08-14,305.93
AAPL,2026-08-17,305.59
AAPL,2026-08-18,310.03
AAPL,2026-08-19,316.83
AAPL,2026-08-20,311.3
AAPL,2026-08-21,309.35
AAPL,2026-08-24,310.34
AAPL,2026-08-25,309.9
AAPL,2026-08-26,313.45
AAPL,2026-08-27,314.58
AAPL,2026-08-28,319.7
AAPL,2026-08-31,316.85
AAPL,2026-09-01,325.13
AAPL,2026-09-02,324.96
AAPL,2026-09-03,328.21
AAPL,2026-09-04,319.97
AAPL,2026-09-08,316.22
AAPL,2026-09-09,315.34
AAPL,2026-09-10,326.57
AAPL,2026-09-11,332.27
AAPL,2026-09-14,333.08
AAPL,2026-09-15,331.34
AAPL,2026-09-16,332.41
AAPL,2026-09-17,337
AAPL,2026-09-18,336.13
AMD,2026-04-28,323.21
AMD,2026-04-29,337.11
AMD,2026-04-30,354.49
AMD,2026-05-01,360.54
AMD,2026-05-04,341.54
AMD,2026-05-05,355.26
AMD,2026-05-06,421.39
AMD,2026-05-07,408.46
AMD,2026-05-08,455.19
AMD,2026-05-11,458.79
AMD,2026-05-12,448.29
AMD,2026-05-13,445.5
AMD,2026-05-14,449.7
AMD,2026-05-15,424.1
AMD,2026-05-18,420.99
AMD,2026-05-19,414.05
AMD,2026-05-20,447.58
AMD,2026-05-21,449.59
AMD,2026-05-22,467.51
AMD,2026-05-26,503.89
AMD,2026-05-27,495.54
AMD,2026-05-28,518.09
AMD,2026-05-29,516.1
AMD,2026-06-01,510.13
AMD,2026-06-02,521.54
AMD,2026-06-03,542.52
AMD,2026-06-04,523.2
AMD,2026-06-05,466.38
AMD,2026-06-08,490.33
AMD,2026-06-09,475.505
AMD,2026-06-10,452.4
AMD,2026-06-11,488.45
AMD,2026-06-12,511.57
AMD,2026-06-15,547.26
AMD,2026-06-16,507.29
AMD,2026-06-17,512.48
AMD,2026-06-18,537.37
AMD,2026-06-22,551.63
AMD,2026-06-23,519.85
AMD,2026-06-24,519.74
AMD,2026-06-25,532.57
AMD,2026-06-26,521.58
AMD,2026-06-29,539.49
AMD,2026-06-30,580.91
AMD,2026-07-01,540.88
AMD,2026-07-02,517.82
AMD,2026-07-06,552.05
AMD,2026-07-07,516.11
AMD,2026-07-08,517.405
AMD,2026-07-09,546.72
AMD,2026-07-10,557.89
AMD,2026-07-13,534.39
AMD,2026-07-14,548.13
AMD,2026-07-15,529.14
AMD,2026-07-16,500.94
AMD,2026-07-17,495.76
AMD,2026-07-20,503.57
AMD,2026-07-21,544.43
AMD,2026-07-22,552.33
AMD,2026-07-23,539.69
AMD,2026-07-24,521.95
AMD,2026-07-27,494.95
AMD,2026-07-28,454.62
AMD,2026-07-29,429.56
AMD,2026-07-30,485.39
AMD,2026-07-31,476.15
AMD,2026-08-03,484.64
AMD,2026-08-04,518.58
AMD,2026-08-05,482.05
AMD,2026-08-06,489.28
AMD,2026-08-07,483.36
AMD,2026-08-10,469.56
AMD,2026-08-11,474.32
AMD,2026-08-12,482.93
AMD,2026-08-13,483.01
AMD,2026-08-14,514.39
AMD,2026-08-17,506
AMD,2026-08-18,484.39
AMD,2026-08-19,466.42
AMD,2026-08-20,469.455
AMD,2026-08-21,473.25
AMD,2026-08-24,456.745
AMD,2026-08-25,479.18
AMD,2026-08-26,480.93
AMD,2026-08-27,476.67
AMD,2026-08-28,465.58
AMD,2026-08-31,470.72
AMD,2026-09-01,459.61
AMD,2026-09-02,457.06
AMD,2026-09-03,456.16
AMD,2026-09-04,477.57
AMD,2026-09-08,505.74
AMD,2026-09-09,521.095
AMD,2026-09-10,503.6
AMD,2026-09-11,516.13
AMD,2026-09-14,493.41
AMD,2026-09-15,504.2
AMD,2026-09-16,512.5
AMD,2026-09-17,545.09
AMD,2026-09-18,559.82
AVGO,2026-04-28,399.1983
AVGO,2026-04-29,404.8094
AVGO,2026-04-30,416.7705
AVGO,2026-05-01,420.6144
AVGO,2026-05-04,415.8419
AVGO,2026-05-05,426.6848
AVGO,2026-05-06,424.7678
AVGO,2026-05-07,411.9082
AVGO,2026-05-08,429.3206
AVGO,2026-05-11,427.7531
AVGO,2026-05-12,418.6375
AVGO,2026-05-13,416.1315
AVGO,2026-05-14,439.0951
AVGO,2026-05-15,424.5182
AVGO,2026-05-18,420.0453
AVGO,2026-05-19,410.4205
AVGO,2026-05-20,417.0999
AVGO,2026-05-21,413.915
AVGO,2026-05-22,413.4857
AVGO,2026-05-26,421.3432
AVGO,2026-05-27,421.1935
AVGO,2026-05-28,425.906
AVGO,2026-05-29,446.0641
AVGO,2026-06-01,459.2432
AVGO,2026-06-02,480.8091
AVGO,2026-06-03,478.4728
AVGO,2026-06-04,418.2481
AVGO,2026-06-05,385.1205
AVGO,2026-06-08,395.9734
AVGO,2026-06-09,391.5404
AVGO,2026-06-10,371.5121
AVGO,2026-06-11,384.9608
AVGO,2026-06-12,381.4663
AVGO,2026-06-15,393.3176
AVGO,2026-06-16,376.1148
AVGO,2026-06-17,392.2792
AVGO,2026-06-18,410.7001
AVGO,2026-06-22,392.13
AVGO,2026-06-23,380.15
AVGO,2026-06-24,382.07
AVGO,2026-06-25,378.91
AVGO,2026-06-26,365.02
AVGO,2026-06-29,372.45
AVGO,2026-06-30,377.75
AVGO,2026-07-01,369.34
AVGO,2026-07-02,360.45
AVGO,2026-07-06,373.9
AVGO,2026-07-07,370.78
AVGO,2026-07-08,388.69
AVGO,2026-07-09,401.11
AVGO,2026-07-10,399.97
AVGO,2026-07-13,384.05
AVGO,2026-07-14,389.11
AVGO,2026-07-15,394.28
AVGO,2026-07-16,374.45
AVGO,2026-07-17,370.825
AVGO,2026-07-20,378.16
AVGO,2026-07-21,386.5
AVGO,2026-07-22,396.81
AVGO,2026-07-23,392.47
AVGO,2026-07-24,381.92
AVGO,2026-07-27,383.22
AVGO,2026-07-28,380.91
AVGO,2026-07-29,370.32
AVGO,2026-07-30,387.84
AVGO,2026-07-31,389.28
AVGO,2026-08-03,392.23
AVGO,2026-08-04,418.16
AVGO,2026-08-05,418.28
AVGO,2026-08-06,420.565
AVGO,2026-08-07,427.76
AVGO,2026-08-10,422.4
AVGO,2026-08-11,416.08
AVGO,2026-08-12,416.05
AVGO,2026-08-13,417.82
AVGO,2026-08-14,392.99
AVGO,2026-08-17,392.43
AVGO,2026-08-18,380
AVGO,2026-08-19,362.48
AVGO,2026-08-20,364.03
AVGO,2026-08-21,368.45
AVGO,2026-08-24,358.76
AVGO,2026-08-25,356.74
AVGO,2026-08-26,355.59
AVGO,2026-08-27,371.54
AVGO,2026-08-28,368.79
AVGO,2026-08-31,370.34
AVGO,2026-09-01,369.68
AVGO,2026-09-02,367.24
AVGO,2026-09-03,357.16
AVGO,2026-09-04,357.895
AVGO,2026-09-08,368.56
AVGO,2026-09-09,364.38
AVGO,2026-09-10,360.83
AVGO,2026-09-11,361.99
AVGO,2026-09-14,344.72
AVGO,2026-09-15,339.27
AVGO,2026-09-16,339.51
AVGO,2026-09-17,347.3
AVGO,2026-09-18,357.61
GOOGL,2026-04-28,349.3468
GOOGL,2026-04-29,349.5066
GOOGL,2026-04-30,384.3234
GOOGL,2026-05-01,385.2123
GOOGL,2026-05-04,382.7753
GOOGL,2026-05-05,387.9489
GOOGL,2026-05-06,397.547
GOOGL,2026-05-07,397.497
GOOGL,2026-05-08,400.3036
GOOGL,2026-05-11,388.1586
GOOGL,2026-05-12,386.8702
GOOGL,2026-05-13,402.1213
GOOGL,2026-05-14,400.5732
GOOGL,2026-05-15,396.2885
GOOGL,2026-05-18,396.4483
GOOGL,2026-05-19,387.1798
GOOGL,2026-05-20,388.4283
GOOGL,2026-05-21,387.1798
GOOGL,2026-05-22,382.4956
GOOGL,2026-05-26,388.3983
GOOGL,2026-05-27,388.3484
GOOGL,2026-05-28,389.6468
GOOGL,2026-05-29,379.8689
GOOGL,2026-06-01,375.9038
GOOGL,2026-06-02,361.4018
GOOGL,2026-06-03,358.5453
GOOGL,2026-06-04,371.729
GOOGL,2026-06-05,368.0735
GOOGL,2026-06-08,363.0768
GOOGL,2026-06-09,364.0261
GOOGL,2026-06-10,356.1512
GOOGL,2026-06-11,357.5403
GOOGL,2026-06-12,359.4491
GOOGL,2026-06-15,369.1129
GOOGL,2026-06-16,373.0104
GOOGL,2026-06-17,363.5564
GOOGL,2026-06-18,367.7937
GOOGL,2026-06-22,349.4555
GOOGL,2026-06-23,345.9078
GOOGL,2026-06-24,345.0683
GOOGL,2026-06-25,343.4893
GOOGL,2026-06-26,337.1734
GOOGL,2026-06-29,353.423
GOOGL,2026-06-30,357.1406
GOOGL,2026-07-01,360.9781
GOOGL,2026-07-02,359.6789
GOOGL,2026-07-06,366.2247
GOOGL,2026-07-07,366.7944
GOOGL,2026-07-08,361.6876
GOOGL,2026-07-09,358.6596
GOOGL,2026-07-10,356.9507
GOOGL,2026-07-13,352.2837
GOOGL,2026-07-14,359.2792
GOOGL,2026-07-15,370.6819
GOOGL,2026-07-16,354.2324
GOOGL,2026-07-17,346.5474
GOOGL,2026-07-20,351.764
GOOGL,2026-07-21,346.9271
GOOGL,2026-07-22,341.8704
GOOGL,2026-07-23,317.486
GOOGL,2026-07-24,319.5347
GOOGL,2026-07-27,326.3503
GOOGL,2026-07-28,333.4958
GOOGL,2026-07-29,336.4938
GOOGL,2026-07-30,333.4458
GOOGL,2026-07-31,355.9014
GOOGL,2026-08-03,373.2702
GOOGL,2026-08-04,377.4075
GOOGL,2026-08-05,362.1973
GOOGL,2026-08-06,357.5203
GOOGL,2026-08-07,354.0725
GOOGL,2026-08-10,357.2905
GOOGL,2026-08-11,343.5793
GOOGL,2026-08-12,343.3194
GOOGL,2026-08-13,346.1376
GOOGL,2026-08-14,345.6779
GOOGL,2026-08-17,343.7792
GOOGL,2026-08-18,343.979
GOOGL,2026-08-19,344.4987
GOOGL,2026-08-20,340.4513
GOOGL,2026-08-21,344.5986
GOOGL,2026-08-24,347.8365
GOOGL,2026-08-25,346.7373
GOOGL,2026-08-26,341.7804
GOOGL,2026-08-27,340.4313
GOOGL,2026-08-28,346.3675
GOOGL,2026-08-31,339.1321
GOOGL,2026-09-01,334.8049
GOOGL,2026-09-02,336.9036
GOOGL,2026-09-03,342.2601
GOOGL,2026-09-04,338.46
GOOGL,2026-09-08,338.36
GOOGL,2026-09-09,330.65
GOOGL,2026-09-10,332.6
GOOGL,2026-09-11,338.5
GOOGL,2026-09-14,349.39
GOOGL,2026-09-15,344.98
GOOGL,2026-09-16,342.87
GOOGL,2026-09-17,347.33
GOOGL,2026-09-18,349.54
META,2026-04-28,670.7183
META,2026-04-29,668.5004
META,2026-04-30,611.3434
META,2026-05-01,608.1813
META,2026-05-04,609.8448
META,2026-05-05,604.3998
META,2026-05-06,612.3125
META,2026-05-07,616.2388
META,2026-05-08,609.0655
META,2026-05-11,598.3055
META,2026-05-12,602.4416
META,2026-05-13,616.059
META,2026-05-14,617.8573
META,2026-05-15,613.6612
META,2026-05-18,610.644
META,2026-05-19,602.052
META,2026-05-20,604.4997
META,2026-05-21,606.8176
META,2026-05-22,609.6949
META,2026-05-26,611.773
META,2026-05-27,634.6668
META,2026-05-28,634.7017
META,2026-05-29,631.9243
META,2026-06-01,599.914
META,2026-06-02,597.0766
META,2026-06-03,622.4031
META,2026-06-04,626.9889
META,2026-06-05,592.4509
META,2026-06-08,584.8479
META,2026-06-09,584.0487
META,2026-06-10,570.4513
META,2026-06-11,567.9036
META,2026-06-12,566.455
META,2026-06-15,593.48
META,2026-06-16,600.21
META,2026-06-17,567.58
META,2026-06-18,577.22
META,2026-06-22,563.85
META,2026-06-23,562.2
META,2026-06-24,557.67
META,2026-06-25,542.87
META,2026-06-26,550.25
META,2026-06-29,562.6
META,2026-06-30,563.29
META,2026-07-01,612.91
META,2026-07-02,582.9
META,2026-07-06,600.29
META,2026-07-07,615.58
META,2026-07-08,603.12
META,2026-07-09,631.48
META,2026-07-10,669.21
META,2026-07-13,656.73
META,2026-07-14,661.04
META,2026-07-15,681.31
META,2026-07-16,664.54
META,2026-07-17,646.01
META,2026-07-20,645.85
META,2026-07-21,643.81
META,2026-07-22,627.17
META,2026-07-23,606.1
META,2026-07-24,595.19
META,2026-07-27,593.87
META,2026-07-28,593.41
META,2026-07-29,585.61
META,2026-07-30,539.03
META,2026-07-31,556.71
META,2026-08-03,590.24
META,2026-08-04,587.94
META,2026-08-05,588.77
META,2026-08-06,589.9
META,2026-08-07,592.1
META,2026-08-10,594.92
META,2026-08-11,599.12
META,2026-08-12,578.85
META,2026-08-13,594.97
META,2026-08-14,589.85
META,2026-08-17,568.97
META,2026-08-18,543.67
META,2026-08-19,546.03
META,2026-08-20,545.83
META,2026-08-21,549.9
META,2026-08-24,559.02
META,2026-08-25,570.05
META,2026-08-26,576.14
META,2026-08-27,571.1
META,2026-08-28,578.02
META,2026-08-31,572.34
META,2026-09-01,578.54
META,2026-09-02,592.85
META,2026-09-03,610.68
META,2026-09-04,616.77
META,2026-09-08,613.48
META,2026-09-09,653.69
META,2026-09-10,644.38
META,2026-09-11,648.03
META,2026-09-14,665.6
META,2026-09-15,670.24
META,2026-09-16,673.31
META,2026-09-17,682.31
META,2026-09-18,665.75
MSFT,2026-04-28,427.5176
MSFT,2026-04-29,422.7469
MSFT,2026-04-30,406.1342
MSFT,2026-05-01,412.7673
MSFT,2026-05-04,411.9507
MSFT,2026-05-05,409.7197
MSFT,2026-05-06,412.2893
MSFT,2026-05-07,419.0718
MSFT,2026-05-08,413.4446
MSFT,2026-05-11,410.9945
MSFT,2026-05-12,406.1243
MSFT,2026-05-13,403.5746
MSFT,2026-05-14,407.7776
MSFT,2026-05-15,420.2172
MSFT,2026-05-18,421.8306
MSFT,2026-05-19,415.7353
MSFT,2026-05-20,419.3606
MSFT,2026-05-21,418.3025
MSFT,2026-05-22,417.7835
MSFT,2026-05-26,415.2483
MSFT,2026-05-27,411.8946
MSFT,2026-05-28,426.1877
MSFT,2026-05-29,449.394
MSFT,2026-06-01,459.6547
MSFT,2026-06-02,440.4808
MSFT,2026-06-03,426.537
MSFT,2026-06-04,427.2457
MSFT,2026-06-05,415.8871
MSFT,2026-06-08,410.9663
MSFT,2026-06-09,402.652
MSFT,2026-06-10,396.6134
MSFT,2026-06-11,389.6066
MSFT,2026-06-12,390.0058
MSFT,2026-06-15,399.0089
MSFT,2026-06-16,393.09
MSFT,2026-06-17,378.198
MSFT,2026-06-18,378.6871
MSFT,2026-06-22,366.6498
MSFT,2026-06-23,373.2374
MSFT,2026-06-24,364.7733
MSFT,2026-06-25,352.167
MSFT,2026-06-26,372.2692
MSFT,2026-06-29,367.8775
MSFT,2026-06-30,372.3191
MSFT,2026-07-01,383.5579
MSFT,2026-07-02,389.7563
MSFT,2026-07-06,386.0133
MSFT,2026-07-07,388.1094
MSFT,2026-07-08,382.6197
MSFT,2026-07-09,383.6378
MSFT,2026-07-10,384.3764
MSFT,2026-07-13,390.2553
MSFT,2026-07-14,384.2067
MSFT,2026-07-15,394.8866
MSFT,2026-07-16,400.3463
MSFT,2026-07-17,393.08
MSFT,2026-07-20,401.5341
MSFT,2026-07-21,397.0026
MSFT,2026-07-22,389.6066
MSFT,2026-07-23,380.863
MSFT,2026-07-24,380.9828
MSFT,2026-07-27,388.3689
MSFT,2026-07-28,392.6109
MSFT,2026-07-29,389.8062
MSFT,2026-07-30,450.2524
MSFT,2026-07-31,463.8468
MSFT,2026-08-03,486.7337
MSFT,2026-08-04,491.884
MSFT,2026-08-05,486.5441
MSFT,2026-08-06,498.9208
MSFT,2026-08-07,499.0505
MSFT,2026-08-10,505.1091
MSFT,2026-08-11,502.8633
MSFT,2026-08-12,491.5047
MSFT,2026-08-13,495.9464
MSFT,2026-08-14,494.4691
MSFT,2026-08-17,479.4474
MSFT,2026-08-18,480.725
MSFT,2026-08-19,483.4
MSFT,2026-08-20,481.15
MSFT,2026-08-21,483.24
MSFT,2026-08-24,487.31
MSFT,2026-08-25,491.71
MSFT,2026-08-26,496.37
MSFT,2026-08-27,505.06
MSFT,2026-08-28,513.53
MSFT,2026-08-31,507.29
MSFT,2026-09-01,501.02
MSFT,2026-09-02,496.82
MSFT,2026-09-03,510.12
MSFT,2026-09-04,499.7
MSFT,2026-09-08,493.95
MSFT,2026-09-09,491.65
MSFT,2026-09-10,492.44
MSFT,2026-09-11,495.63
MSFT,2026-09-14,505.41
MSFT,2026-09-15,497.12
MSFT,2026-09-16,490.3
MSFT,2026-09-17,497.75
MSFT,2026-09-18,493.78
MU,2026-04-28,504.2123
MU,2026-04-29,518.3802
MU,2026-04-30,517.0804
MU,2026-05-01,542.1265
MU,2026-05-04,576.3612
MU,2026-05-05,640.1014
MU,2026-05-06,666.4873
MU,2026-05-07,646.5304
MU,2026-05-08,746.695
MU,2026-05-11,795.2075
MU,2026-05-12,766.4619
MU,2026-05-13,803.5062
MU,2026-05-14,775.8905
MU,2026-05-15,724.5484
MU,2026-05-18,681.435
MU,2026-05-19,698.6324
MU,2026-05-20,731.8773
MU,2026-05-21,761.9826
MU,2026-05-22,750.8843
MU,2026-05-26,895.742
MU,2026-05-27,928.267
MU,2026-05-28,923.3778
MU,2026-05-29,970.8505
MU,2026-06-01,1035.3405
MU,2026-06-02,1063.9361
MU,2026-06-03,1079.4037
MU,2026-06-04,995.8466
MU,2026-06-05,863.8769
MU,2026-06-08,949.1338
MU,2026-06-09,935.7459
MU,2026-06-10,891.7427
MU,2026-06-11,995.7166
MU,2026-06-12,981.4588
MU,2026-06-15,1087.8224
MU,2026-06-16,1020.6028
MU,2026-06-17,1043.0293
MU,2026-06-18,1133.8154
MU,2026-06-22,1211.1934
MU,2026-06-23,1051.608
MU,2026-06-24,1048.3485
MU,2026-06-25,1213.3731
MU,2026-06-26,1132.1556
MU,2026-06-29,1145.1036
MU,2026-06-30,1154.1122
MU,2026-07-01,1032.121
MU,2026-07-02,975.4098
MU,2026-07-06,984.75
MU,2026-07-07,938.38
MU,2026-07-08,948.8
MU,2026-07-09,991.64
MU,2026-07-10,979.3
MU,2026-07-13,937
MU,2026-07-14,983.12
MU,2026-07-15,904.28
MU,2026-07-16,853.2
MU,2026-07-17,848.95
MU,2026-07-20,865.46
MU,2026-07-21,970.82
MU,2026-07-22,959.48
MU,2026-07-23,990.21
MU,2026-07-24,920.95
MU,2026-07-27,900.2
MU,2026-07-28,820.53
MU,2026-07-29,739
MU,2026-07-30,874.66
MU,2026-07-31,823.03
MU,2026-08-03,829.5
MU,2026-08-04,892.67
MU,2026-08-05,893.19
MU,2026-08-06,881.47
MU,2026-08-07,877.57
MU,2026-08-10,861
MU,2026-08-11,868.52
MU,2026-08-12,911.29
MU,2026-08-13,949.83
MU,2026-08-14,971.66
MU,2026-08-17,1011.75
MU,2026-08-18,940.76
MU,2026-08-19,937.105
MU,2026-08-20,974.33
MU,2026-08-21,966.78
MU,2026-08-24,910.43
MU,2026-08-25,932.97
MU,2026-08-26,938.4
MU,2026-08-27,935.39
MU,2026-08-28,932.86
MU,2026-08-31,958.73
MU,2026-09-01,933.44
MU,2026-09-02,956.08
MU,2026-09-03,958.16
MU,2026-09-04,1016.59
MU,2026-09-08,1000.26
MU,2026-09-09,1027.77
MU,2026-09-10,977.41
MU,2026-09-11,975.26
MU,2026-09-14,924.03
MU,2026-09-15,927.6
MU,2026-09-16,926.55
MU,2026-09-17,977.5
MU,2026-09-18,1015.8
NVDA,2026-04-28,212.6838
NVDA,2026-04-29,208.7728
NVDA,2026-04-30,199.1148
NVDA,2026-05-01,197.9974
NVDA,2026-05-04,198.0273
NVDA,2026-05-05,196.0518
NVDA,2026-05-06,207.356
NVDA,2026-05-07,211.0176
NVDA,2026-05-08,214.7092
NVDA,2026-05-11,218.9395
NVDA,2026-05-12,220.2765
NVDA,2026-05-13,225.3149
NVDA,2026-05-14,235.2023
NVDA,2026-05-15,224.8061
NVDA,2026-05-18,221.813
NVDA,2026-05-19,220.1069
NVDA,2026-05-20,222.9603
NVDA,2026-05-21,219.0094
NVDA,2026-05-22,214.8389
NVDA,2026-05-26,214.37
NVDA,2026-05-27,212.1151
NVDA,2026-05-28,213.7614
NVDA,2026-05-29,210.6585
NVDA,2026-06-01,223.8483
NVDA,2026-06-02,222.3118
NVDA,2026-06-03,214.2602
NVDA,2026-06-04,218.4155
NVDA,2026-06-05,204.8707
NVDA,2026-06-08,208.4067
NVDA,2026-06-09,207.9572
NVDA,2026-06-10,200.1959
NVDA,2026-06-11,204.641
NVDA,2026-06-12,204.9606
NVDA,2026-06-15,212.2125
NVDA,2026-06-16,207.1781
NVDA,2026-06-17,204.4212
NVDA,2026-06-18,210.4544
NVDA,2026-06-22,208.4167
NVDA,2026-06-23,199.8164
NVDA,2026-06-24,198.7775
NVDA,2026-06-25,195.5212
NVDA,2026-06-26,192.3148
NVDA,2026-06-29,194.752
NVDA,2026-06-30,199.8663
NVDA,2026-07-01,197.3591
NVDA,2026-07-02,194.6122
NVDA,2026-07-06,195.3314
NVDA,2026-07-07,196.7098
NVDA,2026-07-08,203.8918
NVDA,2026-07-09,202.5533
NVDA,2026-07-10,210.7241
NVDA,2026-07-13,203.3025
NVDA,2026-07-14,211.5632
NVDA,2026-07-15,212.2624
NVDA,2026-07-16,207.1681
NVDA,2026-07-17,202.5833
NVDA,2026-07-20,203.0527
NVDA,2026-07-21,207.0582
NVDA,2026-07-22,211.8229
NVDA,2026-07-23,208.5266
NVDA,2026-07-24,206.6088
NVDA,2026-07-27,196.2903
NVDA,2026-07-28,196.7897
NVDA,2026-07-29,189.7976
NVDA,2026-07-30,194.8219
NVDA,2026-07-31,200.5256
NVDA,2026-08-03,206.409
NVDA,2026-08-04,211.7031
NVDA,2026-08-05,218.9749
NVDA,2026-08-06,218.7452
NVDA,2026-08-07,223.7096
NVDA,2026-08-10,217.3068
NVDA,2026-08-11,217.2568
NVDA,2026-08-12,223.8395
NVDA,2026-08-13,225.0481
NVDA,2026-08-14,224.9083
NVDA,2026-08-17,224.7584
NVDA,2026-08-18,219.4943
NVDA,2026-08-19,217.3168
NVDA,2026-08-20,216.6076
NVDA,2026-08-21,214.4799
NVDA,2026-08-24,208.2469
NVDA,2026-08-25,212.8118
NVDA,2026-08-26,209.4256
NVDA,2026-08-27,227.7251
NVDA,2026-08-28,217.3068
NVDA,2026-08-31,220.5332
NVDA,2026-09-01,217.1969
NVDA,2026-09-02,224.1591
NVDA,2026-09-03,228.1946
NVDA,2026-09-04,230.1025
NVDA,2026-09-08,225.4776
NVDA,2026-09-09,223.4199
NVDA,2026-09-10,218.36
NVDA,2026-09-11,218.29
NVDA,2026-09-14,210.96
NVDA,2026-09-15,212.17
NVDA,2026-09-16,213.9
NVDA,2026-09-17,219.34
NVDA,2026-09-18,222.27
QQQ,2026-04-28,656.828
QQQ,2026-04-29,660.8436
QQQ,2026-04-30,667.0068
QQQ,2026-05-01,673.4098
QQQ,2026-05-04,672.1412
QQQ,2026-05-05,680.8616
QQQ,2026-05-06,695.006
QQQ,2026-05-07,694.177
QQQ,2026-05-08,710.4491
QQQ,2026-05-11,712.5068
QQQ,2026-05-12,706.4635
QQQ,2026-05-13,713.9252
QQQ,2026-05-14,718.9997
QQQ,2026-05-15,708.1516
QQQ,2026-05-18,705.1049
QQQ,2026-05-19,700.7597
QQQ,2026-05-20,712.367
QQQ,2026-05-21,713.7255
QQQ,2026-05-22,716.7521
QQQ,2026-05-26,729.4782
QQQ,2026-05-27,728.6491
QQQ,2026-05-28,734.7923
QQQ,2026-05-29,737.4993
QQQ,2026-06-01,741.9245
QQQ,2026-06-02,745.3407
QQQ,2026-06-03,743.3929
QQQ,2026-06-04,739.7968
QQQ,2026-06-05,704.2858
QQQ,2026-06-08,715.2838
QQQ,2026-06-09,707.0528
QQQ,2026-06-10,692.9283
QQQ,2026-06-11,716.3326
QQQ,2026-06-12,720.548
QQQ,2026-06-15,743.1831
QQQ,2026-06-16,729.0586
QQQ,2026-06-17,721.7167
QQQ,2026-06-18,739.8068
QQQ,2026-06-22,737.95
QQQ,2026-06-23,713.65
QQQ,2026-06-24,710.62
QQQ,2026-06-25,716.38
QQQ,2026-06-26,706.52
QQQ,2026-06-29,724.08
QQQ,2026-06-30,736.4
QQQ,2026-07-01,725.17
QQQ,2026-07-02,712.6
QQQ,2026-07-06,722.82
QQQ,2026-07-07,709.43
QQQ,2026-07-08,711.44
QQQ,2026-07-09,723.28
QQQ,2026-07-10,725.51
QQQ,2026-07-13,711.74
QQQ,2026-07-14,719.69
QQQ,2026-07-15,717.74
QQQ,2026-07-16,705.94
QQQ,2026-07-17,695.33
QQQ,2026-07-20,696.06
QQQ,2026-07-21,708.97
QQQ,2026-07-22,705.35
QQQ,2026-07-23,691.96
QQQ,2026-07-24,684.23
QQQ,2026-07-27,682.12
QQQ,2026-07-28,675.49
QQQ,2026-07-29,661.73
QQQ,2026-07-30,683.55
QQQ,2026-07-31,687.99
QQQ,2026-08-03,700.07
QQQ,2026-08-04,723.85
QQQ,2026-08-05,717.3
QQQ,2026-08-06,714.65
QQQ,2026-08-07,723.03
QQQ,2026-08-10,720.87
QQQ,2026-08-11,718.45
QQQ,2026-08-12,723.7
QQQ,2026-08-13,732.07
QQQ,2026-08-14,731.07
QQQ,2026-08-17,729.87
QQQ,2026-08-18,717.51
QQQ,2026-08-19,716.08
QQQ,2026-08-20,710.93
QQQ,2026-08-21,713.44
QQQ,2026-08-24,706.32
QQQ,2026-08-25,710.72
QQQ,2026-08-26,711.37
QQQ,2026-08-27,721.11
QQQ,2026-08-28,716.43
QQQ,2026-08-31,716.76
QQQ,2026-09-01,707.64
QQQ,2026-09-02,709.24
QQQ,2026-09-03,717.67
QQQ,2026-09-04,718.96
QQQ,2026-09-08,718.36
QQQ,2026-09-09,716.31
QQQ,2026-09-10,708.69
QQQ,2026-09-11,714.88
QQQ,2026-09-14,709.18
QQQ,2026-09-15,704.54
QQQ,2026-09-16,704.72
QQQ,2026-09-17,716.92
QQQ,2026-09-18,721.45
SOXX,2026-04-28,438.2157
SOXX,2026-04-29,449.483
SOXX,2026-04-30,460.9201
SOXX,2026-05-01,465.2252
SOXX,2026-05-04,461.5394
SOXX,2026-05-05,482.1861
SOXX,2026-05-06,506.2989
SOXX,2026-05-07,491.8053
SOXX,2026-05-08,519.7138
SOXX,2026-05-11,532.1597
SOXX,2026-05-12,515.4086
SOXX,2026-05-13,527.6948
SOXX,2026-05-14,529.4328
SOXX,2026-05-15,507.9471
SOXX,2026-05-18,495.3113
SOXX,2026-05-19,496.1803
SOXX,2026-05-20,519.7238
SOXX,2026-05-21,524.1188
SOXX,2026-05-22,536.7246
SOXX,2026-05-26,569.4477
SOXX,2026-05-27,563.3446
SOXX,2026-05-28,568.8284
SOXX,2026-05-29,568.4388
SOXX,2026-06-01,571.2856
SOXX,2026-06-02,604.3383
SOXX,2026-06-03,614.9863
SOXX,2026-06-04,602.0409
SOXX,2026-06-05,539.1618
SOXX,2026-06-08,570.8062
SOXX,2026-06-09,561.5066
SOXX,2026-06-10,540.8999
SOXX,2026-06-11,586.2687
SOXX,2026-06-12,595.5782
SOXX,2026-06-15,628.0396
SOXX,2026-06-16,590.8539
SOXX,2026-06-17,599.3384
SOXX,2026-06-18,639.0324
SOXX,2026-06-22,654.5823
SOXX,2026-06-23,602.996
SOXX,2026-06-24,601.1072
SOXX,2026-06-25,624.7917
SOXX,2026-06-26,589.5548
SOXX,2026-06-29,613.9488
SOXX,2026-06-30,640.3416
SOXX,2026-07-01,599.3084
SOXX,2026-07-02,565.9502
SOXX,2026-07-06,581.1303
SOXX,2026-07-07,551.3297
SOXX,2026-07-08,561.663
SOXX,2026-07-09,581.3201
SOXX,2026-07-10,580.9604
SOXX,2026-07-13,553.2485
SOXX,2026-07-14,567.5491
SOXX,2026-07-15,554.9074
SOXX,2026-07-16,530.1536
SOXX,2026-07-17,521.4693
SOXX,2026-07-20,523.7977
SOXX,2026-07-21,552.3291
SOXX,2026-07-22,555.1572
SOXX,2026-07-23,550.88
SOXX,2026-07-24,526.6659
SOXX,2026-07-27,515.8929
SOXX,2026-07-28,491.1391
SOXX,2026-07-29,464.6964
SOXX,2026-07-30,504.2005
SOXX,2026-07-31,504.5603
SOXX,2026-08-03,507.3485
SOXX,2026-08-04,541.8559
SOXX,2026-08-05,530.3535
SOXX,2026-08-06,532.1723
SOXX,2026-08-07,542.9152
SOXX,2026-08-10,529.0443
SOXX,2026-08-11,533.8512
SOXX,2026-08-12,546.2531
SOXX,2026-08-13,550.3804
SOXX,2026-08-14,550.0606
SOXX,2026-08-17,558.7549
SOXX,2026-08-18,531.043
SOXX,2026-08-19,519.3307
SOXX,2026-08-20,522.0089
SOXX,2026-08-21,519.7104
SOXX,2026-08-24,505.8495
SOXX,2026-08-25,513.7243
SOXX,2026-08-26,515.0634
SOXX,2026-08-27,525.0869
SOXX,2026-08-28,508.2879
SOXX,2026-08-31,510.7063
SOXX,2026-09-01,499.9833
SOXX,2026-09-02,501.1126
SOXX,2026-09-03,501.8721
SOXX,2026-09-04,519.5205
SOXX,2026-09-08,528.055
SOXX,2026-09-09,531.6526
SOXX,2026-09-10,517.0921
SOXX,2026-09-11,526.7258
SOXX,2026-09-14,497.0752
SOXX,2026-09-15,498.85
SOXX,2026-09-16,502.06
SOXX,2026-09-17,519.1
SOXX,2026-09-18,533.07
SPY,2026-04-28,708.1033
SPY,2026-04-29,707.9939
SPY,2026-04-30,715.0382
SPY,2026-05-01,717.0182
SPY,2026-05-04,714.3915
SPY,2026-05-05,720.1225
SPY,2026-05-06,730.1318
SPY,2026-05-07,727.8931
SPY,2026-05-08,733.9027
SPY,2026-05-11,735.5742
SPY,2026-05-12,734.4598
SPY,2026-05-13,738.569
SPY,2026-05-14,744.3995
SPY,2026-05-15,735.4449
SPY,2026-05-18,734.9275
SPY,2026-05-19,730.0323
SPY,2026-05-20,737.5144
SPY,2026-05-21,738.977
SPY,2026-05-22,741.8822
SPY,2026-05-26,746.8073
SPY,2026-05-27,746.678
SPY,2026-05-28,750.7971
SPY,2026-05-29,752.6676
SPY,2026-06-01,754.7172
SPY,2026-06-02,755.742
SPY,2026-06-03,750.4389
SPY,2026-06-04,753.2745
SPY,2026-06-05,733.833
SPY,2026-06-08,735.4946
SPY,2026-06-09,733.3355
SPY,2026-06-10,721.7741
SPY,2026-06-11,734.042
SPY,2026-06-12,738.0118
SPY,2026-06-15,751.0259
SPY,2026-06-16,746.5486
SPY,2026-06-17,737.2258
SPY,2026-06-18,744.8903
SPY,2026-06-22,742.5461
SPY,2026-06-23,731.7629
SPY,2026-06-24,731.4238
SPY,2026-06-25,732.4811
SPY,2026-06-26,727.1843
SPY,2026-06-29,739.1645
SPY,2026-06-30,744.9203
SPY,2026-07-01,743.9128
SPY,2026-07-02,742.9352
SPY,2026-07-06,749.4191
SPY,2026-07-07,745.8579
SPY,2026-07-08,743.5536
SPY,2026-07-09,749.848
SPY,2026-07-10,753.08
SPY,2026-07-13,747.3143
SPY,2026-07-14,749.9677
SPY,2026-07-15,752.9403
SPY,2026-07-16,748.8605
SPY,2026-07-17,741.4489
SPY,2026-07-20,740.2518
SPY,2026-07-21,746.4265
SPY,2026-07-22,745.5587
SPY,2026-07-23,736.3515
SPY,2026-07-24,737.0997
SPY,2026-07-27,737.2593
SPY,2026-07-28,739.0249
SPY,2026-07-29,727.6531
SPY,2026-07-30,739.8528
SPY,2026-07-31,745.1796
SPY,2026-08-03,755.7933
SPY,2026-08-04,769.4194
SPY,2026-08-05,767.8832
SPY,2026-08-06,766.6563
SPY,2026-08-07,771.3446
SPY,2026-08-10,771.1152
SPY,2026-08-11,768.6513
SPY,2026-08-12,770.5765
SPY,2026-08-13,775.9532
SPY,2026-08-14,774.417
SPY,2026-08-17,770.7561
SPY,2026-08-18,765.549
SPY,2026-08-19,767.155
SPY,2026-08-20,760.711
SPY,2026-08-21,763.8233
SPY,2026-08-24,761.5789
SPY,2026-08-25,764.0128
SPY,2026-08-26,764.1824
SPY,2026-08-27,769.19
SPY,2026-08-28,767.4443
SPY,2026-08-31,765.15
SPY,2026-09-01,759.8931
SPY,2026-09-02,763.2647
SPY,2026-09-03,771.2549
SPY,2026-09-04,768.2822
SPY,2026-09-08,764.0627
SPY,2026-09-09,760.5115
SPY,2026-09-10,755.9529
SPY,2026-09-11,762.3969
SPY,2026-09-14,758.9953
SPY,2026-09-15,755.5139
SPY,2026-09-16,752.1822
SPY,2026-09-17,760.711
SPY,2026-09-18,761.69
TLT,2026-04-28,84.7319
TLT,2026-04-29,84.0747
TLT,2026-04-30,83.9962
TLT,2026-05-01,84.2968
TLT,2026-05-04,83.6568
TLT,2026-05-05,84.1196
TLT,2026-05-06,84.7596
TLT,2026-05-07,84.3362
TLT,2026-05-08,84.7596
TLT,2026-05-11,84.2476
TLT,2026-05-12,83.6863
TLT,2026-05-13,83.4993
TLT,2026-05-14,83.6174
TLT,2026-05-15,82.3767
TLT,2026-05-18,82.2783
TLT,2026-05-19,81.7466
TLT,2026-05-20,82.6229
TLT,2026-05-21,82.9281
TLT,2026-05-22,83.3811
TLT,2026-05-26,83.7947
TLT,2026-05-27,83.9916
TLT,2026-05-28,84.4248
TLT,2026-05-29,84.4445
TLT,2026-06-01,84.4898
TLT,2026-06-02,84.6678
TLT,2026-06-03,84.3317
TLT,2026-06-04,84.5195
TLT,2026-06-05,84.0845
TLT,2026-06-08,83.6496
TLT,2026-06-09,84.1439
TLT,2026-06-10,83.9066
TLT,2026-06-11,84.994
TLT,2026-06-12,84.7864
TLT,2026-06-15,84.737
TLT,2026-06-16,85.2016
TLT,2026-06-17,85.34
TLT,2026-06-18,85.7552
TLT,2026-06-22,85.1027
TLT,2026-06-23,85.2115
TLT,2026-06-24,86.3779
TLT,2026-06-25,86.3483
TLT,2026-06-26,86.3582
TLT,2026-06-29,86.4471
TLT,2026-06-30,85.4289
TLT,2026-07-01,84.8515
TLT,2026-07-02,84.8416
TLT,2026-07-06,84.7821
TLT,2026-07-07,83.8891
TLT,2026-07-08,83.7006
TLT,2026-07-09,83.8296
TLT,2026-07-10,83.8097
TLT,2026-07-13,83.3136
TLT,2026-07-14,83.4228
TLT,2026-07-15,83.5815
TLT,2026-07-16,83.5518
TLT,2026-07-17,83.8593
TLT,2026-07-20,83.2343
TLT,2026-07-21,83.0061
TLT,2026-07-22,82.7878
TLT,2026-07-23,82.5199
TLT,2026-07-24,82.5993
TLT,2026-07-27,83.0954
TLT,2026-07-28,83.5815
TLT,2026-07-29,82.2024
TLT,2026-07-30,82.1528
TLT,2026-07-31,81.6071
TLT,2026-08-03,81.8765
TLT,2026-08-04,82.5041
TLT,2026-08-05,82.6834
TLT,2026-08-06,82.2053
TLT,2026-08-07,82.4444
TLT,2026-08-10,81.747
TLT,2026-08-11,81.8765
TLT,2026-08-12,81.7968
TLT,2026-08-13,82.275
TLT,2026-08-14,81.7271
TLT,2026-08-17,81.0397
TLT,2026-08-18,81.3485
TLT,2026-08-19,82.7034
TLT,2026-08-20,82.026
TLT,2026-08-21,81.7371
TLT,2026-08-24,82.2451
TLT,2026-08-25,83.1516
TLT,2026-08-26,82.9823
TLT,2026-08-27,82.8129
TLT,2026-08-28,82.5639
TLT,2026-08-31,82.2053
TLT,2026-09-01,81.87
TLT,2026-09-02,81.95
TLT,2026-09-03,82.07
TLT,2026-09-04,82.21
TLT,2026-09-08,82.2
TLT,2026-09-09,81.73
TLT,2026-09-10,80.78
TLT,2026-09-11,80.87
TLT,2026-09-14,80.93
TLT,2026-09-15,80.71
TLT,2026-09-16,80.88
TLT,2026-09-17,81.78
TLT,2026-09-18,81.25
TSLA,2026-04-28,376.02
TSLA,2026-04-29,372.8
TSLA,2026-04-30,381.63
TSLA,2026-05-01,390.82
TSLA,2026-05-04,392.51
TSLA,2026-05-05,389.37
TSLA,2026-05-06,398.73
TSLA,2026-05-07,411.79
TSLA,2026-05-08,428.35
TSLA,2026-05-11,445
TSLA,2026-05-12,433.45
TSLA,2026-05-13,445.27
TSLA,2026-05-14,443.3
TSLA,2026-05-15,422.24
TSLA,2026-05-18,409.99
TSLA,2026-05-19,404.11
TSLA,2026-05-20,417.26
TSLA,2026-05-21,417.85
TSLA,2026-05-22,426.01
TSLA,2026-05-26,433.59
TSLA,2026-05-27,440.36
TSLA,2026-05-28,442.1
TSLA,2026-05-29,435.79
TSLA,2026-06-01,415.88
TSLA,2026-06-02,423.74
TSLA,2026-06-03,423.7
TSLA,2026-06-04,418.45
TSLA,2026-06-05,391
TSLA,2026-06-08,408.95
TSLA,2026-06-09,396.68
TSLA,2026-06-10,381.59
TSLA,2026-06-11,399.15
TSLA,2026-06-12,406.43
TSLA,2026-06-15,411.15
TSLA,2026-06-16,404.66
TSLA,2026-06-17,396.38
TSLA,2026-06-18,400.49
TSLA,2026-06-22,405.05
TSLA,2026-06-23,381.61
TSLA,2026-06-24,375.53
TSLA,2026-06-25,375.12
TSLA,2026-06-26,379.71
TSLA,2026-06-29,411.84
TSLA,2026-06-30,420.6
TSLA,2026-07-01,425.3
TSLA,2026-07-02,393.45
TSLA,2026-07-06,419.77
TSLA,2026-07-07,402.9
TSLA,2026-07-08,394.06
TSLA,2026-07-09,406.55
TSLA,2026-07-10,407.76
TSLA,2026-07-13,394.76
TSLA,2026-07-14,396.18
TSLA,2026-07-15,394.46
TSLA,2026-07-16,391.06
TSLA,2026-07-17,380.84
TSLA,2026-07-20,369.57
TSLA,2026-07-21,378.93
TSLA,2026-07-22,374.01
TSLA,2026-07-23,319.69
TSLA,2026-07-24,313.03
TSLA,2026-07-27,309.22
TSLA,2026-07-28,307.44
TSLA,2026-07-29,298.32
TSLA,2026-07-30,308.85
TSLA,2026-07-31,311.21
TSLA,2026-08-03,322.08
TSLA,2026-08-04,327.35
TSLA,2026-08-05,321.55
TSLA,2026-08-06,319.53
TSLA,2026-08-07,328.58
TSLA,2026-08-10,330.88
TSLA,2026-08-11,332.81
TSLA,2026-08-12,327.51
TSLA,2026-08-13,339.96
TSLA,2026-08-14,342.27
TSLA,2026-08-17,339.3
TSLA,2026-08-18,336.87
TSLA,2026-08-19,351.12
TSLA,2026-08-20,345.13
TSLA,2026-08-21,362.86
TSLA,2026-08-24,348.95
TSLA,2026-08-25,350.25
TSLA,2026-08-26,345.82
TSLA,2026-08-27,354.81
TSLA,2026-08-28,348.75
TSLA,2026-08-31,367.95
TSLA,2026-09-01,356.09
TSLA,2026-09-02,357.01
TSLA,2026-09-03,376.365
TSLA,2026-09-04,354.08
TSLA,2026-09-08,368.16
TSLA,2026-09-09,367.81
TSLA,2026-09-10,363.56
TSLA,2026-09-11,365.44
TSLA,2026-09-14,358.97
TSLA,2026-09-15,356.58
TSLA,2026-09-16,358.08
TSLA,2026-09-17,366.2
TSLA,2026-09-18,364.27
